CDT,Max TemperatureF,Mean TemperatureF,Min TemperatureF,Max Dew PointF,MeanDew PointF,Min DewpointF,Max Humidity, Mean Humidity, Min Humidity, Max Sea Level PressureIn, Mean Sea Level PressureIn, Min Sea Level PressureIn, Max VisibilityMiles, Mean VisibilityMiles, Min VisibilityMiles, Max Wind SpeedMPH, Mean Wind SpeedMPH, Max Gust SpeedMPH,PrecipitationIn, CloudCover, Events, WindDirDegrees
2015-3-31,65,49,32,37,32,26,100,62,24,29.95,29.91,29.87,10,9,6,13,5,23,0.00,1,Fog,277
2015-4-1,84,64,43,55,39,30,80,49,17,29.86,29.63,29.43,10,10,7,31,14,45,0.26,5,Rain-Thunderstorm,166
2015-4-2,65,50,34,49,29,14,77,46,14,29.95,29.74,29.61,10,10,10,35,18,46,0.00,5,,282
2015-4-3,43,35,27,25,15,5,69,45,21,30.22,30.15,30.00,10,10,10,23,13,29,0.00,5,,311
2015-4-4,52,42,32,25,21,13,61,48,35,30.21,30.13,30.03,10,10,10,16,7,23,0.00,4,,291
2015-4-5,53,45,36,34,23,18,73,51,28,30.06,30.01,29.93,10,10,10,21,13,27,0.00,6,,56
2015-4-6,43,41,38,37,35,33,92,81,70,30.14,30.04,29.96,10,10,5,23,15,32,0.18,8,Rain,55
2015-4-7,43,40,37,35,30,24,92,71,49,30.20,30.13,30.03,10,10,5,24,15,29,0.01,8,Rain,72
2015-4-8,48,43,37,39,35,32,89,80,70,30.11,30.00,29.86,10,9,4,17,10,24,T,8,,64
2015-4-9,41,37,33,39,36,32,92,86,79,29.89,29.77,29.69,10,6,1,22,10,27,0.63,8,Rain-Snow,19
2015-4-10,56,44,32,38,33,30,100,71,41,30.11,29.92,29.75,10,8,1,24,9,28,0.08,5,Rain-Snow,282
2015-4-11,68,53,38,42,35,32,76,55,34,30.16,30.05,29.89,10,10,6,23,11,28,0.00,1,,179
2015-4-12,75,63,51,55,45,38,93,63,33,29.88,29.75,29.63,10,9,2,31,17,41,0.65,5,Rain-Thunderstorm,180
2015-4-13,64,55,46,47,29,15,83,50,16,30.17,29.99,29.80,10,10,6,28,13,38,0.01,2,Rain,272
2015-4-14,72,55,38,32,25,19,67,42,16,30.28,30.20,30.14,10,10,10,15,7,22,0.00,1,,158
2015-4-15,70,58,45,31,25,21,53,35,16,30.23,30.17,30.11,10,10,8,25,11,34,0.00,4,,131
2015-4-16,73,63,52,47,37,26,52,40,28,30.11,30.06,29.99,10,10,8,15,7,18,T,7,,185
2015-4-17,75,63,50,45,40,25,77,49,20,30.13,30.06,30.01,10,10,10,12,5,24,0.00,2,,310
2015-4-18,73,60,47,47,34,29,77,51,25,30.10,30.00,29.88,10,10,6,21,12,27,0.07,5,Rain,84
2015-4-19,60,53,45,55,46,37,93,78,63,29.85,29.67,29.55,10,9,2,26,12,34,0.14,8,Rain,198
2015-4-20,45,41,36,36,29,25,70,61,51,29.56,29.53,29.50,10,10,5,30,19,39,0.02,8,Rain,299
2015-4-21,41,38,34,33,27,22,82,68,54,29.82,29.64,29.54,10,9,2,29,20,39,0.03,8,Snow,303
2015-4-22,49,41,32,24,16,6,64,41,18,30.00,29.90,29.82,10,10,10,28,16,38,0.00,3,,304
2015-4-23,55,42,29,16,11,2,53,33,12,30.12,30.05,29.99,10,10,10,16,6,21,0.00,1,,301
2015-4-24,52,47,42,43,32,11,89,58,27,30.01,29.87,29.81,10,8,2,23,14,29,0.34,8,Rain,113
2015-4-25,62,53,43,40,32,19,83,52,20,29.99,29.86,29.81,10,10,9,22,13,27,0.00,5,,75
2015-4-26,64,50,36,25,23,20,59,40,20,30.17,30.09,30.01,10,10,10,14,6,23,0.00,1,,36
2015-4-27,69,54,39,32,27,24,76,47,18,30.26,30.19,30.13,10,10,10,15,4,19,0.00,1,,2
2015-4-28,65,55,44,43,38,30,71,56,40,30.17,30.12,30.05,10,10,10,18,8,25,0.00,6,,307
2015-4-29,68,56,44,33,31,27,49,38,27,30.09,30.03,29.98,10,10,10,20,10,29,0.00,1,,3
2015-4-30,68,58,47,36,31,26,53,39,24,30.10,30.05,29.99,10,10,10,14,8,20,0.00,3,,86
2015-5-1,66,58,49,51,41,29,77,57,37,30.09,30.03,29.96,10,10,8,18,8,24,0.01,4,Rain,167
2015-5-2,80,66,52,52,46,42,77,52,26,29.97,29.86,29.72,10,10,10,17,8,24,0.00,1,,195
2015-5-3,83,70,56,59,52,44,83,60,36,29.93,29.79,29.72,10,10,7,37,7,47,0.05,5,Rain-Thunderstorm,28
2015-5-4,72,61,50,47,33,24,67,42,17,30.19,30.13,29.96,10,10,10,18,9,25,0.00,4,,16
2015-5-5,70,61,51,54,44,28,93,63,33,30.21,30.16,30.12,10,9,5,23,13,28,0.02,5,Rain,108
2015-5-6,77,67,56,61,57,53,100,77,54,30.12,29.99,29.85,10,6,1,28,14,36,T,7,,123
2015-5-7,76,69,62,65,61,56,87,76,64,29.86,29.74,29.66,10,9,2,23,11,31,0.35,7,Rain-Thunderstorm,192
2015-5-8,62,56,49,59,47,41,93,72,51,30.09,29.96,29.79,10,9,7,16,9,22,0.02,6,,314
2015-5-9,69,57,44,46,41,38,76,59,42,30.19,30.13,30.07,10,10,10,20,9,25,0.00,2,,11
2015-5-10,60,54,48,54,46,36,93,76,59,30.12,29.95,29.79,10,8,2,24,14,29,0.72,7,Rain,63
2015-5-11,55,50,44,54,47,42,100,87,74,29.78,29.71,29.65,10,8,2,20,13,26,0.07,8,Rain,215
2015-5-12,58,49,39,43,36,31,100,70,40,30.35,30.06,29.76,10,8,2,25,13,31,0.02,6,Rain,316
2015-5-13,67,55,43,40,37,34,71,54,37,30.43,30.33,30.22,10,10,10,22,14,30,0.00,5,,121
2015-5-14,57,54,51,54,48,39,100,76,51,30.22,30.04,29.88,10,7,2,21,12,27,0.34,8,Rain,122
2015-5-15,67,60,53,54,52,49,100,78,56,30.01,29.94,29.87,10,8,3,10,6,19,0.00,8,,316
2015-5-16,76,67,58,66,59,51,87,78,68,29.98,29.87,29.77,10,9,1,25,13,30,0.06,7,Rain-Thunderstorm,112
2015-5-17,74,61,48,65,59,39,87,74,61,29.78,29.64,29.54,10,9,4,38,18,50,0.08,7,Rain-Thunderstorm,164
2015-5-18,48,44,40,38,35,33,73,67,60,30.27,30.05,29.78,10,10,7,28,18,37,T,8,Rain,267
2015-5-19,57,47,37,34,32,29,76,56,36,30.43,30.32,30.25,10,10,10,18,7,27,T,5,Rain,344
2015-5-20,62,52,41,40,32,26,83,55,27,30.27,30.21,30.11,10,9,7,15,5,20,0.00,5,Fog,267
2015-5-21,74,60,45,42,34,27,65,42,19,30.10,30.05,30.01,10,10,10,21,9,28,0.00,0,,286
2015-5-22,75,61,46,39,36,32,66,44,22,30.23,30.18,30.10,10,10,10,12,4,16,0.00,2,,107
2015-5-23,73,62,51,46,43,37,68,50,31,30.26,30.20,30.13,10,10,10,15,6,22,T,6,,43
2015-5-24,64,61,58,58,55,47,100,78,56,30.11,29.94,29.78,10,6,2,20,9,22,0.52,8,Rain,77
2015-5-25,73,65,57,61,58,56,100,81,61,29.78,29.71,29.65,10,7,1,20,10,26,0.16,7,Rain,184
2015-5-26,63,60,57,57,56,55,100,92,84,29.82,29.79,29.76,10,7,2,12,6,20,0.59,8,Rain,329
2015-5-27,84,70,55,58,55,51,100,66,32,30.02,29.92,29.83,10,9,5,15,6,20,T,2,,239
2015-5-28,84,73,62,57,54,48,78,55,31,30.06,29.99,29.88,10,10,8,24,10,30,0.00,4,,169
2015-5-29,72,63,54,65,60,50,93,77,61,30.06,29.91,29.85,10,8,3,22,11,29,0.54,8,Rain,321
2015-5-30,64,56,47,50,41,33,89,66,42,30.29,30.19,30.06,10,10,10,24,13,34,0.00,4,,21
2015-5-31,63,54,44,41,35,31,64,52,39,30.33,30.28,30.23,10,10,10,15,9,21,0.00,3,,86
2015-6-1,69,61,52,43,40,36,71,51,30,30.27,30.21,30.11,10,10,10,18,10,22,0.00,4,,121
2015-6-2,76,65,54,54,49,40,64,54,43,30.11,30.01,29.90,10,10,10,22,12,29,0.00,4,,152
2015-6-3,67,65,62,64,60,53,100,82,63,29.91,29.86,29.82,10,6,0,17,9,21,0.75,8,Fog-Rain-Thunderstorm,188
2015-6-4,75,69,62,61,61,60,93,79,64,30.06,29.98,29.89,10,8,3,13,6,15,0.00,7,,303
2015-6-5,75,68,61,62,57,51,93,71,49,30.19,30.14,30.06,10,10,9,14,9,21,0.00,7,,48
2015-6-6,79,69,59,64,57,49,84,66,48,30.14,29.95,29.70,10,9,1,25,13,33,0.69,6,Rain-Thunderstorm,144
2015-6-7,83,75,66,66,62,51,93,68,42,29.71,29.66,29.61,10,9,1,20,10,24,0.06,6,Rain-Thunderstorm,251
2015-6-8,81,71,61,58,56,54,84,62,39,29.77,29.74,29.69,10,10,10,20,7,25,0.00,3,,289
2015-6-9,92,78,63,61,57,52,78,54,30,29.76,29.67,29.54,10,9,6,21,6,27,0.00,3,,214
2015-6-10,79,71,62,59,51,45,67,51,35,29.86,29.78,29.64,10,10,8,21,8,27,T,4,Rain,337
2015-6-11,67,63,58,60,57,51,97,78,58,29.92,29.89,29.84,10,9,4,18,10,24,0.30,8,Rain,57
2015-6-12,79,66,53,55,51,48,89,62,35,29.93,29.91,29.88,10,10,10,20,10,25,0.00,3,,71
2015-6-13,71,66,60,61,59,54,90,77,63,29.93,29.90,29.86,10,8,1,13,7,17,0.07,8,Rain,88
2015-6-14,85,74,62,64,61,58,93,67,40,29.91,29.87,29.82,10,10,9,13,5,18,0.00,6,,126
2015-6-15,78,71,64,65,54,45,81,57,33,30.13,29.98,29.85,10,10,10,20,11,28,0.00,6,,330
2015-6-16,72,64,55,53,48,46,80,61,41,30.22,30.17,30.10,10,10,10,15,7,25,T,4,Rain,23
2015-6-17,79,70,60,70,63,53,84,73,62,29.98,29.91,29.87,10,9,0,16,8,22,0.87,7,Fog-Rain-Thunderstorm,317
2015-6-18,79,70,61,59,57,53,90,68,45,30.09,30.02,29.93,10,10,10,15,8,30,0.00,4,,342
2015-6-19,79,69,59,59,55,50,72,59,45,30.11,30.01,29.83,10,10,10,16,10,22,0.00,4,,136
2015-6-20,82,73,63,66,62,57,87,71,54,29.84,29.74,29.66,10,8,1,21,10,25,0.43,7,Rain-Thunderstorm,216
2015-6-21,86,74,62,63,58,51,93,63,32,29.93,29.88,29.83,10,10,9,15,6,19,0.00,4,,264
2015-6-22,82,73,64,68,63,51,84,65,45,29.95,29.69,29.42,10,8,0,32,13,38,0.95,6,Fog-Rain-Thunderstorm,103
2015-6-23,79,70,60,57,54,51,78,59,39,30.11,30.07,29.97,10,10,10,15,7,19,0.00,1,,277
2015-6-24,78,70,62,60,57,55,84,66,47,30.11,30.05,29.97,10,10,10,14,5,21,0.00,4,,170
2015-6-25,82,73,63,63,60,56,87,67,47,30.02,29.99,29.96,10,10,7,15,6,26,0.00,4,,8
2015-6-26,81,72,63,63,58,53,81,62,42,30.09,30.06,30.01,10,10,8,18,6,25,0.06,5,Rain-Thunderstorm,50
2015-6-27,83,72,60,61,57,53,90,65,39,30.09,30.01,29.87,10,10,9,15,5,19,0.02,4,Rain-Thunderstorm,237
2015-6-28,82,73,64,65,62,58,87,70,52,29.88,29.82,29.76,10,10,2,25,6,30,0.09,6,Rain-Thunderstorm,184
2015-6-29,83,74,65,65,62,56,93,72,51,29.84,29.80,29.76,10,6,1,24,6,32,0.11,5,Fog-Rain-Thunderstorm,257
2015-6-30,77,70,62,63,58,52,93,71,49,29.95,29.90,29.83,10,8,6,13,7,24,0.00,4,,28
2015-7-1,73,66,59,53,50,46,72,58,44,30.02,29.99,29.95,10,10,9,12,6,16,0.00,5,,132
2015-7-2,77,67,56,55,53,49,93,67,41,30.04,30.00,29.96,10,10,8,12,4,15,0.00,2,,178
2015-7-3,80,70,60,59,56,54,84,65,45,29.98,29.94,29.89,10,10,8,13,6,17,0.00,4,,227
2015-7-4,85,75,65,65,62,59,81,65,48,29.94,29.92,29.87,7,5,4,13,6,18,0.00,4,,184
2015-7-5,88,77,66,69,64,59,78,66,53,29.94,29.87,29.78,10,8,7,23,12,29,0.04,5,,167
2015-7-6,76,67,58,71,65,48,97,77,57,30.05,29.84,29.75,10,4,1,25,12,32,2.83,7,Rain-Thunderstorm,10
2015-7-7,72,63,54,49,46,43,77,59,41,30.17,30.12,30.05,10,10,10,17,8,29,0.00,3,,12
2015-7-8,73,65,57,54,51,49,86,65,44,30.12,30.04,29.96,10,10,10,15,5,24,0.00,4,,164
2015-7-9,81,71,60,60,57,54,84,63,42,30.00,29.97,29.95,10,10,10,13,5,16,0.00,4,,180
2015-7-10,85,75,65,66,63,58,87,69,51,30.03,30.01,29.98,10,9,7,16,7,21,0.00,2,,178
2015-7-11,82,75,67,70,67,63,87,77,67,30.04,29.99,29.94,10,9,7,17,10,22,0.00,5,,137
2015-7-12,89,77,65,76,71,65,90,77,64,29.95,29.84,29.69,10,9,1,33,11,43,1.89,5,Rain-Thunderstorm,144
2015-7-13,87,77,66,71,65,60,93,71,48,29.79,29.67,29.58,10,9,1,22,9,29,T,5,Rain-Thunderstorm,336
2015-7-14,84,76,67,66,64,54,84,70,55,29.94,29.79,29.65,10,10,10,17,10,30,0.00,1,,22
2015-7-15,81,72,63,70,62,50,87,73,58,29.99,29.95,29.91,10,10,8,14,8,17,0.01,5,Rain,127
2015-7-16,72,69,66,67,65,63,100,87,73,29.91,29.78,29.68,10,7,1,18,8,23,0.16,8,Rain,113
2015-7-17,90,78,65,70,66,63,93,69,44,29.74,29.71,29.68,10,9,5,37,5,45,0.62,3,,176
2015-7-18,88,78,68,69,64,55,79,62,45,29.88,29.75,29.65,10,8,0,45,12,60,0.25,5,Fog-Rain-Thunderstorm,260
2015-7-19,84,74,64,62,57,54,78,59,39,29.92,29.87,29.78,10,10,10,21,10,35,0.00,2,,246
2015-7-20,81,73,64,65,58,52,79,61,42,29.90,29.80,29.73,10,10,10,25,12,30,0.00,2,,294
2015-7-21,81,71,61,58,55,53,84,62,39,29.99,29.94,29.91,10,10,10,15,8,21,0.00,1,,294
2015-7-22,82,74,66,60,58,56,73,58,43,29.97,29.93,29.90,10,10,10,13,6,19,0.00,3,,215
2015-7-23,84,76,67,64,61,59,76,62,47,29.99,29.94,29.89,10,10,10,17,8,21,0.00,1,,177
2015-7-24,88,78,68,71,67,63,93,74,55,29.92,29.85,29.82,10,9,4,21,11,25,0.23,5,Rain-Thunderstorm,225
2015-7-25,86,78,69,68,66,63,90,68,45,29.99,29.93,29.89,10,10,10,12,6,16,0.00,3,,145
2015-7-26,87,80,72,68,66,63,79,64,48,29.94,29.90,29.86,10,10,10,17,8,20,T,5,,112
2015-7-27,86,79,71,72,70,66,84,75,65,29.97,29.92,29.88,10,10,7,18,10,22,0.00,4,,129
2015-7-28,84,77,70,72,69,59,93,74,54,29.91,29.83,29.76,10,8,1,21,12,28,1.29,6,Rain-Thunderstorm,181
2015-7-29,82,74,66,60,54,50,70,52,34,29.98,29.93,29.91,10,10,10,31,16,42,0.00,1,,250
2015-7-30,85,74,63,61,56,54,78,56,34,30.04,30.01,29.99,10,10,10,23,11,29,0.00,0,,265
2015-7-31,82,74,65,60,54,49,73,53,33,30.07,30.02,29.96,10,10,10,28,13,34,0.00,0,,284
2015-8-1,86,76,66,68,60,53,78,58,37,29.99,29.90,29.75,10,10,10,18,6,25,T,2,,223
2015-8-2,84,75,66,68,61,51,73,58,42,29.83,29.69,29.60,10,10,10,26,14,32,0.00,1,,271
2015-8-3,80,70,60,53,51,47,78,55,32,29.93,29.89,29.86,10,10,10,21,10,27,0.00,1,,292
2015-8-4,82,70,58,57,52,49,80,58,35,30.01,29.97,29.93,10,10,10,15,7,23,0.00,2,,280
2015-8-5,82,72,61,59,56,53,84,61,37,30.05,30.01,29.96,10,10,10,13,5,15,0.00,4,,124
2015-8-6,74,69,64,69,63,57,93,80,66,29.96,29.87,29.75,10,9,5,21,9,28,0.24,7,Rain-Thunderstorm,142
2015-8-7,84,77,69,68,66,63,97,76,55,29.88,29.78,29.70,10,9,2,17,9,27,0.43,6,Rain-Thunderstorm,275
2015-8-8,80,74,67,70,67,63,87,78,69,29.94,29.90,29.87,10,10,10,15,9,19,0.01,6,,128
2015-8-9,82,76,69,70,67,63,100,77,54,29.95,29.92,29.89,10,9,5,18,5,23,0.06,6,Rain,109
2015-8-10,82,74,66,65,60,52,93,65,36,30.05,29.98,29.93,10,10,10,20,8,25,0.00,3,,331
2015-8-11,82,72,62,60,57,53,84,62,39,30.17,30.13,30.05,10,10,10,14,6,22,0.00,1,,349
2015-8-12,85,75,64,65,60,57,84,64,43,30.19,30.12,29.99,10,10,10,18,7,25,0.00,3,,206
2015-8-13,85,78,71,71,67,64,84,71,58,30.08,29.97,29.92,10,10,6,18,9,24,0.05,7,Rain-Thunderstorm,244
2015-8-14,94,83,71,72,69,67,90,67,44,30.08,30.05,30.01,10,10,9,14,6,19,0.00,2,,233
2015-8-15,91,82,73,71,67,59,84,61,37,30.09,30.03,29.95,10,10,10,17,8,23,0.00,0,,189
2015-8-16,82,76,69,71,68,65,93,80,67,30.01,29.95,29.86,10,8,2,14,9,22,0.51,7,Rain-Thunderstorm,274
2015-8-17,74,69,63,64,58,55,84,69,53,30.06,30.01,29.97,10,10,7,12,8,22,0.08,7,Rain,7
2015-8-18,67,65,63,64,62,55,93,83,73,29.98,29.71,29.53,10,8,2,17,10,22,0.92,8,Rain-Thunderstorm,63
2015-8-19,65,61,56,63,57,51,93,83,73,29.71,29.54,29.46,10,9,4,25,10,30,0.10,8,Rain,267
2015-8-20,74,64,53,51,48,46,83,61,38,29.93,29.83,29.72,10,10,10,22,11,28,0.00,3,,284
2015-8-21,81,70,59,62,57,51,78,64,50,29.92,29.86,29.82,10,10,10,20,10,28,0.00,5,,164
2015-8-22,82,73,63,70,64,52,82,72,62,29.86,29.76,29.67,10,9,1,35,18,47,0.59,7,Rain-Thunderstorm,179
2015-8-23,70,64,57,53,49,46,80,63,45,29.92,29.81,29.70,10,10,8,27,18,38,T,6,,257
2015-8-24,67,61,54,48,45,42,77,60,42,30.05,29.98,29.91,10,10,10,28,15,37,0.00,6,,300
2015-8-25,74,64,53,51,47,45,80,59,38,30.13,30.09,30.04,10,10,10,18,11,31,0.00,2,,307
2015-8-26,75,63,51,55,52,49,96,69,41,30.21,30.15,30.10,10,10,10,9,4,12,0.00,1,,145
2015-8-27,76,68,59,60,56,53,80,67,53,30.12,30.06,29.99,10,10,10,17,8,21,0.00,6,,151
2015-8-28,76,68,59,64,60,55,87,76,64,30.04,30.00,29.98,10,10,7,20,8,27,T,6,,141
2015-8-29,74,65,56,64,58,54,93,79,64,30.08,30.05,30.00,10,8,1,10,5,14,0.00,6,,132
2015-8-30,81,72,62,66,62,59,100,77,54,30.01,29.97,29.91,10,8,4,15,9,19,0.00,5,,175
2015-8-31,86,75,63,70,67,62,100,80,59,29.94,29.91,29.87,10,8,4,20,9,27,0.00,5,,168
2015-9-1,86,78,69,73,70,66,90,76,61,29.91,29.89,29.86,10,8,5,12,6,15,0.00,6,,173
2015-9-2,78,74,69,73,68,66,97,86,74,29.94,29.90,29.85,10,7,4,21,8,27,0.23,7,Rain-Thunderstorm,99
2015-9-3,84,76,67,72,70,65,100,85,69,29.92,29.89,29.85,10,8,2,16,10,19,0.00,5,,102
2015-9-4,89,80,71,73,70,67,90,73,56,29.94,29.91,29.87,10,9,4,18,11,24,0.00,4,,130
2015-9-5,89,82,75,74,71,68,87,71,55,29.95,29.89,29.85,10,9,5,22,11,32,0.01,6,Rain,159
2015-9-6,83,77,70,73,72,69,93,81,69,29.87,29.82,29.78,10,8,1,21,10,32,0.73,6,Rain-Thunderstorm,185
2015-9-7,82,75,67,67,61,53,90,70,49,30.04,29.96,29.90,10,10,10,15,7,23,T,4,Rain,2
2015-9-8,78,69,60,66,58,47,93,65,36,29.98,29.90,29.83,10,9,5,20,9,24,0.13,5,Rain-Thunderstorm,307
2015-9-9,71,64,56,60,55,47,84,70,56,30.02,29.94,29.87,10,9,5,28,5,35,0.28,6,Rain-Thunderstorm,165
2015-9-10,71,63,54,60,53,43,97,71,44,30.12,29.98,29.89,10,9,4,20,9,26,0.02,4,Rain,349
2015-9-11,64,56,48,47,44,41,86,66,46,30.22,30.17,30.12,10,10,10,18,7,27,0.00,3,,340
2015-9-12,69,58,47,47,44,41,93,65,37,30.19,30.12,30.02,10,10,8,13,4,15,0.00,2,,260
2015-9-13,75,64,52,53,48,42,77,59,41,30.01,29.89,29.78,10,10,10,18,10,25,0.00,0,,186
2015-9-14,83,71,58,64,58,53,86,69,51,29.83,29.78,29.75,10,10,10,18,11,24,0.01,1,,160
2015-9-15,87,77,66,64,59,55,81,58,35,29.90,29.85,29.78,10,10,7,30,17,38,T,2,Rain-Thunderstorm,166
2015-9-16,84,75,65,69,63,57,81,69,57,29.93,29.87,29.81,10,10,5,26,14,33,0.08,6,Rain-Thunderstorm,162
2015-9-17,78,69,60,70,67,56,93,86,78,29.86,29.74,29.69,10,8,1,21,10,28,2.37,7,Rain-Thunderstorm,194
2015-9-18,61,57,53,55,53,49,93,84,75,30.00,29.95,29.87,10,9,4,17,7,23,0.37,6,Rain,324
2015-9-19,69,59,48,50,46,44,89,66,42,30.13,30.07,30.01,10,10,10,14,6,19,0.00,2,,253
2015-9-20,72,61,50,54,49,46,83,62,41,30.11,30.04,29.98,10,9,2,22,8,27,0.11,5,Rain-Thunderstorm,150
2015-9-21,81,68,55,60,55,50,86,69,51,29.98,29.93,29.87,10,10,10,23,12,28,0.00,1,,152
2015-9-22,74,69,64,65,62,59,93,81,68,30.18,30.09,29.96,10,8,2,15,6,25,T,7,,17
2015-9-23,76,69,62,66,63,60,93,81,68,30.18,30.16,30.14,10,8,4,15,6,21,0.06,7,Rain-Thunderstorm,113
2015-9-24,67,66,64,65,62,60,100,91,81,30.27,30.22,30.17,10,6,2,12,7,14,0.25,8,Rain,96
2015-9-25,78,70,61,62,58,46,93,63,33,30.32,30.28,30.25,10,9,5,13,5,20,0.00,6,,57
2015-9-26,78,68,58,60,56,51,93,66,39,30.27,30.18,30.04,10,8,1,16,7,20,0.00,1,,141
2015-9-27,82,71,59,58,55,53,80,59,37,30.02,29.92,29.81,10,10,10,20,11,25,0.00,0,,170
2015-9-28,77,69,61,63,56,39,78,61,43,30.06,29.92,29.84,10,10,9,16,8,27,T,6,Rain,289
2015-9-29,63,56,48,38,34,29,66,48,29,30.28,30.21,30.09,10,10,9,20,8,24,0.00,2,,28
2015-9-30,63,53,43,40,35,32,70,51,32,30.38,30.33,30.29,10,10,7,15,7,20,0.00,0,,93
2015-10-1,63,54,45,42,38,31,82,57,32,30.50,30.44,30.37,10,10,10,18,8,23,0.00,0,,78
2015-10-2,62,52,41,40,37,34,76,59,42,30.56,30.48,30.37,10,10,10,18,11,24,0.00,0,,74
2015-10-3,60,51,42,39,37,36,82,61,39,30.40,30.33,30.26,10,10,10,21,12,25,0.00,2,,82
2015-10-4,58,50,42,42,40,38,83,69,55,30.34,30.29,30.24,10,10,10,12,6,15,0.00,5,,101
2015-10-5,62,54,45,47,44,42,92,74,55,30.26,30.22,30.16,10,10,9,8,6,11,0.00,6,,146
2015-10-6,69,61,52,51,48,41,77,63,49,30.17,30.13,30.09,10,10,9,14,5,19,0.00,5,,259
2015-10-7,63,53,43,43,40,37,96,68,39,30.26,30.17,29.98,10,10,10,14,5,19,T,3,Fog,106
2015-10-8,66,59,52,58,50,41,100,79,57,30.15,29.95,29.82,10,9,4,23,12,27,0.33,7,Rain-Thunderstorm,310
2015-10-9,56,50,43,46,42,39,93,74,55,30.32,30.25,30.17,10,10,10,14,5,18,0.00,5,,293
2015-10-10,74,58,42,51,45,39,89,64,38,30.18,29.92,29.68,10,10,10,23,11,30,0.00,4,,184
2015-10-11,85,72,58,57,53,44,86,60,34,29.65,29.50,29.33,10,10,6,29,10,43,0.00,1,,198
2015-10-12,66,56,46,44,41,38,86,63,40,29.72,29.53,29.41,10,10,9,35,19,45,T,7,Rain,276
2015-10-13,60,52,43,39,37,34,83,61,39,29.95,29.82,29.72,10,10,10,21,10,27,0.00,5,,312
2015-10-14,68,54,39,40,35,30,92,59,26,30.01,29.97,29.93,10,10,10,24,8,29,0.00,1,,251
2015-10-15,61,52,42,35,32,24,61,47,33,30.29,30.08,29.94,10,10,10,30,14,38,0.00,2,,292
2015-10-16,48,41,33,26,24,21,75,56,37,30.47,30.42,30.30,10,10,10,26,11,31,0.00,1,,315
2015-10-17,56,44,31,32,27,24,82,56,30,30.52,30.44,30.38,10,10,10,16,4,21,0.00,1,,261
2015-10-18,63,49,35,31,28,25,82,53,23,30.40,30.26,29.98,10,10,9,25,11,32,0.00,0,,148
2015-10-19,76,64,51,55,43,31,83,60,36,29.95,29.81,29.75,10,9,8,17,7,23,T,3,,188
2015-10-20,69,60,50,50,48,47,89,68,47,29.95,29.91,29.83,10,8,7,14,7,20,T,4,,56
2015-10-21,63,54,44,51,45,37,83,67,51,30.21,30.03,29.91,10,9,7,21,9,27,T,3,,270
2015-10-22,63,52,40,39,35,31,85,58,30,30.33,30.26,30.20,10,10,8,10,4,17,0.00,1,,155
2015-10-23,54,52,49,52,46,35,100,75,50,30.18,29.90,29.70,10,6,2,21,12,26,0.94,8,Rain,117
2015-10-24,57,50,42,53,45,36,100,76,51,30.20,29.86,29.67,10,8,2,25,12,34,0.24,6,Rain,313
2015-10-25,56,47,38,44,39,36,92,73,54,30.40,30.32,30.24,10,10,8,12,4,14,0.01,6,Rain,130
2015-10-26,59,54,48,43,41,38,80,64,47,30.31,30.26,30.21,10,10,10,17,8,22,0.01,8,Rain,126
2015-10-27,55,51,47,46,40,37,93,74,55,30.23,30.05,29.80,10,9,4,20,10,23,0.35,8,Rain,101
2015-10-28,47,41,34,46,38,32,100,93,85,29.75,29.47,29.37,10,6,2,31,13,40,0.38,8,Rain-Snow,292
2015-10-29,49,42,35,43,39,33,92,84,76,30.00,29.72,29.37,10,9,7,24,12,30,0.01,8,Rain-Snow,295
2015-10-30,53,47,40,41,38,36,89,74,59,30.05,29.98,29.85,10,10,8,20,10,26,0.01,7,Rain,196
2015-10-31,51,48,44,45,43,36,93,77,61,29.83,29.65,29.53,10,7,1,21,10,27,0.33,7,Rain,194
2015-11-1,56,48,40,43,39,35,85,70,55,29.85,29.76,29.59,10,10,10,21,7,26,0.00,5,,210
2015-11-2,70,58,45,48,46,43,93,68,42,29.91,29.84,29.78,10,10,8,13,4,15,0.00,4,,135
2015-11-3,71,58,45,52,48,44,93,69,44,29.96,29.91,29.85,10,8,4,21,9,28,0.00,0,,135
2015-11-4,62,57,52,55,53,50,96,87,78,29.88,29.85,29.81,9,8,7,20,12,26,0.00,6,,161
2015-11-5,65,54,42,57,50,34,84,75,66,29.81,29.67,29.57,10,9,6,25,15,32,0.01,7,Rain-Thunderstorm,212
2015-11-6,47,43,39,35,33,31,79,70,60,30.19,30.02,29.77,10,10,8,20,11,25,0.00,7,,271
2015-11-7,50,42,33,30,28,25,79,61,42,30.35,30.29,30.19,10,10,9,17,9,22,0.00,2,,249
2015-11-8,59,51,43,32,30,25,58,47,36,30.27,30.16,30.08,10,10,10,22,12,30,0.00,0,,187
2015-11-9,62,53,44,37,33,30,59,48,36,30.10,30.06,30.03,10,10,10,15,10,22,0.00,0,,181
2015-11-10,61,50,38,36,33,30,70,53,35,30.06,29.93,29.83,10,10,10,21,9,26,0.00,5,,143
2015-11-11,53,48,42,46,40,34,93,76,59,29.81,29.51,29.21,10,6,1,26,10,34,1.73,6,Rain-Thunderstorm,50
2015-11-12,45,41,37,42,33,25,93,76,59,29.97,29.69,29.21,10,9,3,31,22,42,0.37,8,Rain,294
2015-11-13,45,38,31,28,25,20,78,58,37,30.18,30.12,29.98,10,10,10,23,11,31,0.00,1,,269
2015-11-14,57,45,32,41,33,24,72,60,47,30.12,30.03,29.97,10,10,10,13,6,18,0.00,3,,162
2015-11-15,62,50,38,44,39,35,85,66,46,30.03,29.98,29.93,10,10,10,20,9,24,0.00,2,,152
2015-11-16,53,50,47,47,46,43,93,82,71,29.93,29.83,29.78,10,7,2,21,14,27,0.17,8,Rain-Thunderstorm,143
2015-11-17,55,52,49,54,50,47,100,95,89,29.79,29.61,29.39,10,5,2,24,13,32,1.21,8,Rain-Thunderstorm,118
2015-11-18,59,48,37,55,44,32,100,85,70,29.43,29.20,29.08,10,7,2,29,17,37,0.50,8,Rain,185
2015-11-19,37,34,30,31,17,9,82,59,36,30.01,29.78,29.50,10,10,5,33,21,48,T,5,Rain,266
2015-11-20,31,28,25,17,14,9,68,54,39,30.36,30.24,30.05,10,10,10,26,9,33,0.00,6,,274
2015-11-21,28,22,15,17,12,10,88,69,50,30.38,30.27,30.10,10,10,2,15,8,19,T,4,Snow,288
2015-11-22,34,26,17,21,18,14,84,70,56,30.12,29.96,29.86,10,10,8,15,7,20,0.00,5,,164
2015-11-23,46,36,25,30,27,20,88,71,53,30.21,30.04,29.86,10,10,8,15,6,19,0.00,3,,260
2015-11-24,46,37,28,30,28,26,92,73,53,30.23,30.14,29.99,10,9,7,21,10,24,0.00,5,,118
2015-11-25,51,42,33,39,35,28,85,71,56,30.12,29.96,29.88,10,8,5,16,9,21,0.00,7,,203
2015-11-26,40,32,24,34,27,18,92,82,72,30.51,30.28,30.12,10,4,0,20,14,24,0.12,8,Fog-Snow,346
2015-11-27,27,23,18,17,13,12,80,68,55,30.67,30.61,30.53,10,10,10,17,7,23,0.00,3,,347
2015-11-28,30,22,14,17,14,10,88,71,53,30.57,30.48,30.43,10,10,7,10,4,14,0.00,0,,212
2015-11-29,34,27,19,23,20,12,81,69,56,30.43,30.39,30.31,10,9,8,8,4,13,0.00,7,,121
2015-11-30,35,32,28,31,29,23,100,86,72,30.31,30.04,29.76,10,4,0,16,9,22,0.41,8,Fog-Snow,78
2015-12-1,34,30,26,33,28,24,96,87,78,29.76,29.71,29.65,10,7,1,13,7,17,0.09,8,Rain-Snow,162
2015-12-2,36,32,28,32,29,25,92,84,75,30.13,29.92,29.77,10,7,4,12,6,15,T,8,Snow,274
2015-12-3,35,29,22,28,22,19,96,79,61,30.33,30.24,30.12,10,8,4,12,6,14,0.00,3,,211
2015-12-4,47,35,22,33,26,18,89,69,49,30.38,30.35,30.32,10,9,7,15,8,20,0.00,0,,152
2015-12-5,44,41,38,37,34,32,86,76,65,30.34,30.30,30.26,10,10,6,18,11,23,0.00,6,,175
2015-12-6,40,36,32,37,33,30,92,87,82,30.31,30.28,30.25,10,6,4,8,4,12,0.00,8,,251
2015-12-7,46,39,31,36,32,29,92,79,65,30.24,29.98,29.82,10,9,4,24,11,32,0.00,6,,163
2015-12-8,42,36,29,39,33,27,100,90,79,29.82,29.71,29.65,10,9,5,10,5,14,0.08,7,Rain,156
2015-12-9,47,39,30,38,33,28,96,83,70,29.73,29.62,29.44,10,9,6,13,7,16,0.00,5,,195
2015-12-10,47,42,37,40,36,31,89,75,60,29.55,29.36,29.26,10,10,7,25,11,35,0.16,7,Rain,259
2015-12-11,39,38,36,32,31,31,82,79,76,29.86,29.74,29.54,10,10,10,15,9,21,0.00,8,,60
2015-12-12,41,38,35,38,35,32,92,83,73,30.04,29.98,29.84,10,7,2,10,5,21,T,8,,16
2015-12-13,40,39,38,38,37,36,92,92,92,29.92,29.72,29.53,10,8,2,21,10,27,0.12,8,Rain,15
2015-12-14,39,36,32,36,31,26,92,84,75,29.78,29.44,29.24,10,9,4,30,18,39,0.63,8,Rain-Snow,359
2015-12-15,35,33,31,32,28,26,89,82,75,29.96,29.85,29.70,10,9,2,21,11,27,0.01,8,Rain-Snow,60
2015-12-16,41,33,24,38,31,15,96,85,74,29.69,29.42,29.27,10,7,1,28,14,35,0.37,8,Rain-Snow-Thunderstorm,187
2015-12-17,29,23,17,20,15,6,75,69,62,29.93,29.86,29.73,10,9,4,26,15,33,T,8,Snow,267
2015-12-18,22,16,9,14,7,2,74,63,52,30.25,30.01,29.88,10,8,1,23,13,29,T,6,Snow,273
2015-12-19,28,18,8,18,8,2,80,65,50,30.37,30.24,30.03,10,10,9,15,8,21,0.00,4,,181
2015-12-20,41,34,27,32,28,19,85,74,63,29.99,29.79,29.70,10,9,5,14,7,22,0.00,8,,71
2015-12-21,33,32,30,28,27,25,85,77,69,29.88,29.83,29.76,10,8,1,15,8,22,0.02,8,Snow,5
2015-12-22,35,33,30,31,28,26,92,87,82,29.81,29.66,29.48,10,7,2,24,13,31,T,8,Snow,152
2015-12-23,36,32,27,35,31,21,100,89,78,29.49,29.31,29.18,10,4,1,26,11,33,0.38,8,Rain-Snow,335
2015-12-24,27,25,23,20,18,17,81,78,74,30.15,29.86,29.46,10,10,10,25,11,32,0.00,8,,261
2015-12-25,30,28,25,25,24,19,92,84,75,30.42,30.29,30.15,10,8,6,12,7,,0.00,8,,138
2015-12-26,32,30,28,27,25,23,85,79,72,30.44,30.32,30.26,10,9,4,16,10,25,0.09,8,Snow,14
2015-12-27,28,20,12,23,11,4,88,68,47,30.59,30.53,30.41,10,10,10,16,9,22,0.00,4,,338
2015-12-28,23,18,12,18,14,6,91,81,70,30.54,30.13,29.87,10,6,0,22,12,28,0.21,8,Fog-Snow,28
2015-12-29,27,24,20,22,20,16,92,87,81,30.23,30.06,29.88,10,6,1,16,9,22,0.15,8,Snow,357
2015-12-30,25,21,16,20,18,12,92,83,74,30.25,30.22,30.15,10,8,4,13,6,16,T,7,Snow,291
2015-12-31,20,14,7,14,9,3,92,80,67,30.28,30.22,30.16,10,6,0,16,9,21,0.01,6,Fog-Snow,239
2016-1-1,30,23,15,18,14,10,84,71,58,30.20,30.11,30.00,10,10,7,20,10,25,T,3,,257
2016-1-2,31,23,14,18,15,11,88,73,58,30.15,30.06,29.96,10,10,7,20,10,24,0.00,1,,259
2016-1-3,29,25,20,20,18,15,81,72,63,30.43,30.32,30.13,10,10,10,21,11,25,0.00,6,,314
2016-1-4,26,18,10,17,13,7,92,80,68,30.56,30.50,30.44,10,9,5,18,8,24,0.00,2,,183
2016-1-5,32,26,20,20,18,15,84,71,58,30.36,30.22,30.12,10,10,9,20,12,28,0.00,5,,168
2016-1-6,33,28,23,29,25,19,92,82,72,30.12,30.07,30.02,10,6,2,13,7,14,0.05,7,Snow,135
2016-1-7,34,33,31,31,29,28,92,91,89,30.03,29.97,29.89,6,4,1,9,6,14,0.04,8,Snow,114
2016-1-8,34,28,22,31,28,17,92,87,82,29.95,29.84,29.78,10,4,1,20,10,23,0.08,8,Snow,338
2016-1-9,22,8,-6,15,-3,-15,84,73,62,30.26,30.14,29.96,10,9,5,22,16,27,T,6,Snow,314
2016-1-10,-1,-5,-10,-11,-14,-16,79,66,53,30.26,30.20,30.14,10,10,10,17,8,21,0.00,0,,285
2016-1-11,6,-1,-9,2,-4,-13,92,82,72,30.12,29.89,29.74,10,6,1,16,6,19,0.02,6,Snow,190
2016-1-12,3,-2,-7,-3,-9,-13,87,73,59,30.25,30.14,29.86,10,10,4,23,11,31,T,1,Snow,286
2016-1-13,23,8,-7,13,3,-10,87,77,67,30.14,29.89,29.72,10,9,7,12,4,14,0.01,7,Snow,150
2016-1-14,26,21,16,22,18,12,88,81,73,29.70,29.55,29.45,7,6,3,16,10,21,0.00,8,,81
2016-1-15,23,18,12,20,13,1,92,75,58,29.92,29.70,29.49,10,9,2,21,14,26,T,8,Snow,328
2016-1-16,13,2,-9,2,-11,-18,75,64,53,30.20,30.08,29.93,10,9,4,23,15,29,T,4,Snow,306
2016-1-17,-3,-8,-14,-15,-18,-21,74,65,56,30.40,30.30,30.13,10,10,7,17,11,21,0.00,1,,302
2016-1-18,2,-5,-13,-9,-13,-19,72,67,62,30.47,30.42,30.31,10,10,10,14,7,20,0.00,4,,300
2016-1-19,7,0,-7,1,-6,-11,82,71,60,30.56,30.46,30.33,10,10,7,10,5,12,T,6,Snow,152
2016-1-20,22,15,7,16,10,2,83,78,73,30.30,30.21,30.12,10,8,2,12,6,13,0.02,8,Snow,155
2016-1-21,24,22,20,19,16,14,84,78,71,30.44,30.37,30.27,10,6,4,12,4,19,T,8,Snow,26
2016-1-22,25,21,17,14,12,11,77,68,59,30.51,30.43,30.34,10,9,5,10,6,20,T,7,Snow,27
2016-1-23,23,21,18,21,15,12,92,82,71,30.33,30.07,29.85,10,7,3,17,12,25,0.00,8,,182
2016-1-24,30,27,23,27,25,21,100,89,78,29.91,29.87,29.83,8,4,2,12,6,13,0.01,8,Snow,163
2016-1-25,30,29,27,27,25,22,92,89,85,29.88,29.80,29.73,9,4,2,18,6,25,0.05,8,Snow,351
2016-1-26,28,24,20,21,17,11,81,72,63,30.23,30.08,29.85,10,8,2,24,12,30,0.01,8,Snow,298
2016-1-27,40,28,15,31,22,11,88,74,59,30.22,29.84,29.64,10,10,8,22,11,30,T,6,,224
2016-1-28,37,28,19,30,21,13,82,70,58,29.96,29.82,29.64,10,10,10,26,12,33,0.00,5,,308
2016-1-29,34,26,18,29,22,14,84,74,63,29.93,29.70,29.50,10,9,7,23,11,30,0.01,7,Rain,169
2016-1-30,43,37,30,33,29,26,92,74,55,29.61,29.56,29.52,10,10,8,12,5,15,0.01,6,Rain,219
2016-1-31,41,34,27,32,28,25,92,76,59,29.87,29.69,29.60,10,10,7,14,6,19,0.00,3,,280
2016-2-1,36,29,22,29,25,21,96,86,75,30.17,30.04,29.89,10,7,4,13,4,16,0.00,4,Fog,329
2016-2-2,30,27,24,27,24,20,92,81,69,30.19,29.91,29.71,10,4,0,28,15,33,0.77,8,Fog-Snow,30
2016-2-3,24,18,11,19,11,5,88,68,47,30.14,29.91,29.71,10,7,1,26,14,34,0.04,6,Snow,325
2016-2-4,27,18,8,19,13,6,88,74,60,30.34,30.14,30.06,10,7,1,14,6,17,0.03,6,Snow,242
2016-2-5,29,18,6,21,13,5,91,71,50,30.40,30.30,30.19,10,8,6,15,7,24,T,6,Snow,189
2016-2-6,36,28,21,28,25,20,88,75,60,30.20,30.01,29.70,10,8,5,15,9,24,0.00,8,Rain,197
2016-2-7,40,28,16,30,21,8,85,70,54,29.81,29.71,29.62,10,7,1,33,16,43,0.02,7,Snow,281
2016-2-8,17,14,11,9,6,2,73,67,61,30.05,29.94,29.79,10,9,5,25,19,33,T,8,Snow,319
2016-2-9,17,11,5,4,-1,-4,76,64,51,30.22,30.15,30.01,10,10,7,25,16,33,T,2,Snow,329
2016-2-10,13,8,3,-2,-4,-6,69,59,48,30.34,30.22,30.16,10,10,10,14,6,18,0.00,6,,2
2016-2-11,17,10,2,9,0,-6,80,61,42,30.40,30.33,30.24,10,8,2,12,4,15,0.01,6,Snow,239
2016-2-12,15,8,0,8,-5,-12,80,61,41,30.69,30.49,30.26,10,10,10,25,14,33,0.00,1,,312
2016-2-13,10,2,-6,-6,-10,-14,72,57,41,30.72,30.60,30.36,10,10,10,13,6,16,0.00,2,,153
2016-2-14,19,13,7,14,9,-5,84,70,55,30.33,30.03,29.92,10,5,1,21,12,29,0.04,8,Snow,140
2016-2-15,32,25,18,29,21,13,92,79,66,29.91,29.78,29.68,10,6,2,13,7,16,0.00,8,,157
2016-2-16,35,28,21,31,25,9,100,80,59,30.12,29.87,29.68,10,5,0,20,7,24,T,6,Fog-Snow,342
2016-2-17,29,22,14,14,10,6,67,55,42,30.30,30.24,30.13,10,10,10,13,7,16,0.00,5,,108
2016-2-18,41,33,25,34,27,15,85,73,60,30.20,29.85,29.52,10,8,6,28,16,39,0.00,7,,136
2016-2-19,45,40,35,41,35,32,92,79,65,29.67,29.37,29.17,10,6,1,28,13,39,0.37,6,Rain-Thunderstorm,238
2016-2-20,43,37,30,32,29,25,89,75,60,30.14,29.93,29.66,10,10,9,25,10,37,0.00,5,,288
2016-2-21,37,32,26,25,24,22,85,75,64,30.28,30.23,30.15,10,10,9,13,6,17,T,6,Snow,323
2016-2-22,35,31,27,25,21,16,78,67,56,30.26,30.17,30.09,10,10,10,13,5,17,0.00,8,,217
2016-2-23,40,37,33,33,31,26,89,79,69,30.11,30.05,29.97,10,7,1,15,7,19,0.04,8,Snow,198
2016-2-24,38,34,30,30,27,22,82,71,59,30.07,30.02,29.97,10,10,7,16,10,23,T,8,Snow,350
2016-2-25,35,31,26,22,17,16,75,62,49,30.30,30.23,30.05,10,10,10,21,13,27,0.00,6,,327
2016-2-26,42,33,24,29,21,14,75,60,45,30.28,30.13,29.92,10,10,10,16,9,20,0.00,4,,235
2016-2-27,58,46,34,39,31,26,76,56,35,29.90,29.67,29.45,10,10,10,15,8,19,0.00,4,,214
2016-2-28,43,36,28,36,28,22,92,78,64,29.85,29.63,29.41,10,8,1,23,11,29,0.03,6,Rain-Snow,312
2016-2-29,39,29,19,29,7,-7,78,53,27,30.16,29.98,29.66,10,10,10,32,13,41,0.00,6,,349
2016-3-1,27,21,14,10,0,-9,62,43,24,30.22,30.16,30.12,10,9,2,17,10,21,T,5,Snow,339
2016-3-2,32,23,13,10,8,3,74,55,36,30.14,30.10,30.03,10,10,10,13,6,14,0.00,5,,171
2016-3-3,35,31,26,19,15,9,63,55,46,30.18,30.15,30.09,10,10,5,13,5,18,T,8,Snow,5
2016-3-4,37,33,29,32,26,17,92,71,49,30.16,30.01,29.91,10,6,0,22,9,28,0.05,8,Fog-Snow,197
2016-3-5,39,34,29,28,26,24,85,70,54,30.26,30.16,30.00,10,10,7,22,9,27,0.00,6,,270
2016-3-6,60,45,29,41,33,26,85,63,41,30.09,29.78,29.63,10,10,9,22,13,31,0.00,4,,156
2016-3-7,64,53,42,49,43,37,82,65,48,29.67,29.64,29.62,10,10,10,17,10,23,0.00,6,,127
2016-3-8,70,55,40,54,47,34,86,64,42,29.77,29.63,29.54,10,10,9,28,16,38,0.00,7,,192
2016-3-9,42,39,35,37,34,32,92,83,73,30.10,29.95,29.77,10,9,2,18,7,22,T,8,,251
2016-3-10,49,41,33,33,30,27,96,73,49,30.28,30.19,30.09,10,9,2,10,5,13,0.00,5,,268
2016-3-11,66,47,28,43,35,26,92,67,42,30.29,30.18,30.06,10,9,7,22,10,27,0.00,1,,158
2016-3-12,70,60,49,40,37,33,61,44,26,30.06,30.00,29.91,10,10,10,17,9,28,0.00,2,,178
2016-3-13,54,51,47,45,43,39,82,71,59,29.91,29.78,29.68,10,10,9,22,9,27,T,8,Rain,138
2016-3-14,58,53,48,50,48,45,93,83,72,29.68,29.65,29.63,10,5,1,16,7,19,0.01,8,Rain,129
2016-3-15,55,50,45,51,49,41,96,89,82,29.64,29.59,29.54,10,5,1,24,11,32,0.85,8,Rain-Thunderstorm,139
2016-3-16,49,45,40,40,31,26,83,63,42,29.69,29.59,29.49,10,10,8,33,20,44,0.05,8,Rain,295
2016-3-17,42,37,32,31,26,21,70,58,46,30.01,29.83,29.69,10,10,8,21,13,28,0.01,7,Rain-Snow,273
2016-3-18,37,34,30,29,27,24,92,78,64,30.19,30.12,30.02,10,9,6,15,7,26,T,8,Snow,12
2016-3-19,43,35,27,28,25,23,92,71,49,30.34,30.24,30.16,10,8,0,15,9,25,0.07,7,Fog-Snow,7
2016-3-20,43,35,26,25,22,18,85,62,39,30.36,30.31,30.23,10,10,10,17,8,25,0.00,3,,317
2016-3-21,53,41,28,29,25,21,75,57,38,30.22,30.00,29.71,10,10,10,21,9,26,0.00,6,,152
2016-3-22,55,44,33,32,30,27,75,58,41,29.88,29.69,29.61,10,10,10,21,12,30,0.00,7,,41
2016-3-23,36,33,29,29,27,23,92,79,66,30.04,29.99,29.87,10,6,0,22,15,30,0.31,8,Fog-Snow,56
2016-3-24,47,38,28,21,16,11,69,46,23,29.97,29.92,29.87,10,10,10,18,10,29,0.00,4,,10
2016-3-25,48,38,27,35,23,17,76,54,31,29.96,29.93,29.90,10,10,9,21,9,28,T,5,Rain,154
2016-3-26,51,45,39,43,38,33,89,75,61,30.05,30.01,29.96,10,8,4,14,6,17,0.12,8,Rain,115
2016-3-27,43,37,31,39,34,29,92,78,64,30.07,30.00,29.95,10,9,5,16,8,22,0.07,7,Rain,341
2016-3-28,59,44,28,34,29,26,92,63,33,30.15,30.11,30.06,10,10,8,10,5,14,0.00,3,Fog,177
2016-3-29,64,52,40,41,33,30,82,57,32,30.17,30.09,29.95,10,10,9,31,13,40,0.19,6,Rain,149
2016-3-30,48,46,43,42,40,39,89,83,76,29.97,29.67,29.55,10,9,4,22,10,27,0.40,8,Rain,77
2016-3-31,54,47,40,40,37,29,92,67,41,29.67,29.52,29.45,10,10,8,20,8,26,0.13,8,Rain,1